{
  "BusinessPartnerCategoryForm": {
    "subcontainer": "modalBusinessPartnerCategory",
    "width": 12,
    "stackPosition": {
      "object": {
        "ordinal": 0,
        "widthType": "fixed",
        "width": 0,
        "height": 0
      }
    }
  },
  "BusinessPartnerForm": {
    "subcontainer": "modalBusinessPartner",
    "width": 12,
    "stackPosition": {
      "object": {
        "ordinal": 0,
        "widthType": "fixed",
        "width": 0,
        "height": 0
      }
    }
  },
  "ContractForm": {
    "subcontainer": "modalContract",
    "width": 12,
    "stackPosition": {
      "object": {
        "ordinal": 0,
        "widthType": "fixed",
        "width": 0,
        "height": 0
      }
    }
  },
  "EditButton17": {
    "container": "BusinessPartnerCategoryForm",
    "rowGroup": "footer",
    "row": 1,
    "col": 8,
    "height": 1,
    "width": 4
  },
  "EditButton18": {
    "container": "ProductServiceForm",
    "rowGroup": "footer",
    "row": 1,
    "col": 8,
    "height": 1,
    "width": 4
  },
  "EditButton19": {
    "container": "ContractForm",
    "rowGroup": "footer",
    "row": 1,
    "col": 8,
    "height": 1,
    "width": 4
  },
  "NewButton17": {
    "container": "BusinessPartnerCategoryForm",
    "rowGroup": "footer",
    "col": 8,
    "height": 1,
    "width": 4
  },
  "NewButton18": {
    "container": "ProductServiceForm",
    "rowGroup": "footer",
    "col": 8,
    "height": 1,
    "width": 4
  },
  "NewButton19": {
    "container": "ContractForm",
    "rowGroup": "footer",
    "col": 8,
    "height": 1,
    "width": 4
  },
  "ProductServiceCategoryForm": {
    "subcontainer": "modalProductServiceCategory",
    "width": 12,
    "stackPosition": {
      "object": {
        "ordinal": 0,
        "widthType": "fixed",
        "width": 0,
        "height": 0
      }
    }
  },
  "ProductServiceForm": {
    "subcontainer": "modalProductService",
    "width": 12,
    "stackPosition": {
      "object": {
        "ordinal": 0,
        "widthType": "fixed",
        "width": 0,
        "height": 0
      }
    }
  },
  "addressInput": {
    "container": "BusinessPartnerForm",
    "row": 0.6,
    "height": 0.2,
    "width": 12
  },
  "adjustmentCapInput": {
    "container": "ContractForm",
    "row": 2.2,
    "height": 0.2,
    "width": 12
  },
  "adjustmentFrequencyInput": {
    "container": "ContractForm",
    "row": 2,
    "height": 0.2,
    "width": 12
  },
  "adjustmentIndexInput": {
    "container": "ContractForm",
    "row": 1.4,
    "height": 0.2,
    "width": 12
  },
  "baseIndexDateInput": {
    "container": "ContractForm",
    "row": 1.8,
    "height": 0.2,
    "width": 12
  },
  "baseValueInput": {
    "container": "ContractForm",
    "row": 1.6,
    "height": 0.2,
    "width": 12
  },
  "breadcrumbs2": {
    "row": 0.2,
    "height": 0.6,
    "width": 11
  },
  "button32": {
    "rowGroup": "footer",
    "subcontainer": "modalProductServiceCategory",
    "height": 1,
    "width": 2
  },
  "button33": {
    "rowGroup": "footer",
    "subcontainer": "modalProductServiceCategory",
    "row": 1,
    "height": 1,
    "width": 2
  },
  "button34": {
    "rowGroup": "footer",
    "subcontainer": "modalBusinessPartner",
    "height": 1,
    "width": 2
  },
  "button35": {
    "rowGroup": "footer",
    "subcontainer": "modalBusinessPartner",
    "row": 1,
    "height": 1,
    "width": 2
  },
  "categoryInput": {
    "container": "BusinessPartnerForm",
    "row": 0.2,
    "col": 6,
    "height": 0.2,
    "width": 6
  },
  "categoryInput2": {
    "container": "ProductServiceForm",
    "row": 3,
    "height": 0.2,
    "width": 12
  },
  "cityInput": {
    "container": "BusinessPartnerForm",
    "row": 0.8,
    "height": 0.2,
    "width": 6
  },
  "codeInput": {
    "container": "ProductServiceForm",
    "row": 4,
    "height": 0.2,
    "width": 12
  },
  "collapsibleContainer10": {
    "container": "group44",
    "subcontainer": "5de92",
    "row": 0,
    "height": 4,
    "width": 12,
    "stackPosition": {
      "object": {
        "ordinal": 1,
        "widthType": "fixed",
        "width": 0,
        "height": 0
      }
    }
  },
  "collapsibleContainer11": {
    "container": "group44",
    "subcontainer": "5de92",
    "row": 8,
    "height": 4,
    "width": 12,
    "stackPosition": {
      "object": {
        "ordinal": 2,
        "widthType": "fixed",
        "width": 0,
        "height": 0
      }
    }
  },
  "collapsibleContainer12": {
    "container": "group44",
    "subcontainer": "5de92",
    "row": 12,
    "height": 4,
    "width": 12,
    "stackPosition": {
      "object": {
        "ordinal": 3,
        "widthType": "fixed",
        "width": 0,
        "height": 0
      }
    }
  },
  "collapsibleContainer13": {
    "container": "group44",
    "subcontainer": "5de92",
    "row": 16,
    "height": 4,
    "width": 12,
    "stackPosition": {
      "object": {
        "ordinal": 4,
        "widthType": "fixed",
        "width": 0,
        "height": 0
      }
    }
  },
  "collapsibleContainer14": {
    "row": 1.4,
    "height": 4,
    "width": 12,
    "stackPosition": {
      "object": {
        "ordinal": 0,
        "widthType": "fixed",
        "width": 0,
        "height": 0
      }
    }
  },
  "collapsibleContainer15": {
    "container": "group44",
    "subcontainer": "5de92",
    "row": 4,
    "height": 4,
    "width": 12,
    "stackPosition": {
      "object": {
        "ordinal": 0,
        "widthType": "fixed",
        "width": 0,
        "height": 0
      }
    }
  },
  "collapsibleTitle10": {
    "container": "collapsibleContainer10",
    "rowGroup": "header",
    "height": 0.8,
    "width": 9
  },
  "collapsibleTitle11": {
    "container": "collapsibleContainer11",
    "rowGroup": "header",
    "height": 0.8,
    "width": 9
  },
  "collapsibleTitle12": {
    "container": "collapsibleContainer12",
    "rowGroup": "header",
    "height": 0.8,
    "width": 9
  },
  "collapsibleTitle13": {
    "container": "collapsibleContainer13",
    "rowGroup": "header",
    "height": 0.8,
    "width": 9
  },
  "collapsibleTitle14": {
    "container": "collapsibleContainer14",
    "rowGroup": "header",
    "height": 0.8,
    "width": 9
  },
  "collapsibleTitle15": {
    "container": "collapsibleContainer15",
    "rowGroup": "header",
    "height": 0.8,
    "width": 9
  },
  "collapsibleToggle10": {
    "container": "collapsibleContainer10",
    "rowGroup": "header",
    "col": 9,
    "height": 0.8
  },
  "collapsibleToggle11": {
    "container": "collapsibleContainer11",
    "rowGroup": "header",
    "col": 9,
    "height": 0.8
  },
  "collapsibleToggle12": {
    "container": "collapsibleContainer12",
    "rowGroup": "header",
    "col": 9,
    "height": 0.8
  },
  "collapsibleToggle13": {
    "container": "collapsibleContainer13",
    "rowGroup": "header",
    "col": 9,
    "height": 0.8
  },
  "collapsibleToggle14": {
    "container": "collapsibleContainer14",
    "rowGroup": "header",
    "col": 9,
    "height": 0.8
  },
  "collapsibleToggle15": {
    "container": "collapsibleContainer15",
    "rowGroup": "header",
    "col": 9,
    "height": 0.8
  },
  "companyInput10": {
    "container": "ProductServiceCategoryForm",
    "row": 0.2,
    "height": 0.2,
    "width": 12
  },
  "companyInput11": {
    "container": "ProductServiceForm",
    "height": 0.2,
    "width": 12
  },
  "companyInput12": {
    "container": "ContractForm",
    "height": 0.2,
    "width": 12
  },
  "companyInput8": {
    "container": "BusinessPartnerCategoryForm",
    "height": 0.2,
    "width": 6
  },
  "companyInput9": {
    "container": "BusinessPartnerForm",
    "row": 1.6,
    "height": 0.2,
    "width": 6
  },
  "contractNumberInput": {
    "container": "ContractForm",
    "row": 0.4,
    "height": 0.2,
    "width": 12
  },
  "costInput": {
    "container": "ProductServiceForm",
    "row": 8,
    "height": 0.2,
    "width": 12
  },
  "countryInput2": {
    "container": "BusinessPartnerForm",
    "row": 0.4,
    "height": 0.2,
    "width": 6
  },
  "currencyInput5": {
    "container": "BusinessPartnerForm",
    "row": 12.8,
    "col": 6,
    "height": 0.2,
    "width": 6
  },
  "currencyInput6": {
    "container": "ProductServiceForm",
    "row": 6,
    "height": 0.2,
    "width": 12
  },
  "descriptionInput3": {
    "container": "ProductServiceForm",
    "row": 5,
    "height": 0.2,
    "width": 12
  },
  "descriptionInput4": {
    "container": "ContractForm",
    "row": 0.6,
    "height": 0.2,
    "width": 12
  },
  "emailInput": {
    "container": "BusinessPartnerForm",
    "row": 1.2,
    "height": 0.2,
    "width": 6
  },
  "endDateInput": {
    "container": "ContractForm",
    "row": 1,
    "height": 0.2,
    "width": 12
  },
  "form14": {
    "subcontainer": "modalNewPosition3",
    "width": 11,
    "stackPosition": {
      "object": {
        "ordinal": 0,
        "widthType": "fixed",
        "width": 0,
        "height": 0
      }
    }
  },
  "formButton13": {
    "container": "form14",
    "rowGroup": "footer",
    "col": 8,
    "height": 1,
    "width": 4
  },
  "formTitle26": {
    "container": "form14",
    "rowGroup": "header",
    "height": 0.6,
    "width": 12
  },
  "formTitle27": {
    "container": "BusinessPartnerCategoryForm",
    "rowGroup": "header",
    "height": 0.6,
    "width": 12
  },
  "group44": {
    "container": "collapsibleContainer14",
    "subcontainer": "fd113",
    "height": 3.8,
    "width": 12,
    "stackPosition": {
      "object": {
        "ordinal": 0,
        "widthType": "fixed",
        "width": 0,
        "height": 0
      }
    }
  },
  "identifierInput": {
    "container": "BusinessPartnerForm",
    "row": 0.4,
    "col": 6,
    "height": 0.2,
    "width": 6
  },
  "isActiveInput3": {
    "container": "BusinessPartnerForm",
    "row": 1.8,
    "height": 0.6,
    "width": 6
  },
  "isActiveInput4": {
    "container": "ProductServiceForm",
    "row": 12,
    "height": 0.6,
    "width": 12
  },
  "isActiveInput5": {
    "container": "ContractForm",
    "row": 2.4,
    "height": 0.6,
    "width": 12
  },
  "isDeletedInput2": {
    "container": "BusinessPartnerForm",
    "row": 13,
    "col": 6,
    "height": 0.6,
    "width": 6
  },
  "isDeletedInput3": {
    "container": "ProductServiceCategoryForm",
    "row": 0.6,
    "height": 0.6,
    "width": 12
  },
  "isDeletedInput4": {
    "container": "ProductServiceForm",
    "row": 13,
    "height": 0.6,
    "width": 12
  },
  "itemTypeInput": {
    "container": "ProductServiceForm",
    "row": 2,
    "height": 0.2,
    "width": 12
  },
  "modalCloseButton25": {
    "rowGroup": "header",
    "subcontainer": "modalNewPosition3",
    "col": 9,
    "height": 1
  },
  "modalCloseButton26": {
    "rowGroup": "header",
    "subcontainer": "modalBusinessPartnerCategory",
    "col": 9,
    "height": 1
  },
  "modalCloseButton27": {
    "rowGroup": "header",
    "subcontainer": "modalEntidadeFC2",
    "col": 9,
    "height": 1
  },
  "modalCloseButton28": {
    "rowGroup": "header",
    "subcontainer": "modalProductServiceCategory",
    "col": 9,
    "height": 1
  },
  "modalCloseButton29": {
    "rowGroup": "header",
    "subcontainer": "modalBankAccountsFS2",
    "col": 9,
    "height": 1
  },
  "modalCloseButton30": {
    "rowGroup": "header",
    "subcontainer": "modalProductService",
    "col": 9,
    "height": 1
  },
  "modalCloseButton31": {
    "rowGroup": "header",
    "subcontainer": "modalContract",
    "col": 9,
    "height": 1
  },
  "modalCloseButton32": {
    "rowGroup": "header",
    "subcontainer": "modalBusinessPartner",
    "col": 9,
    "height": 1
  },
  "modalCloseButton33": {
    "rowGroup": "header",
    "subcontainer": "modalBusinessPartnerFS2",
    "col": 9,
    "height": 1
  },
  "modalCloseButton34": {
    "rowGroup": "header",
    "subcontainer": "modalAccountFS2",
    "col": 9,
    "height": 1
  },
  "modalCloseButton35": {
    "rowGroup": "header",
    "subcontainer": "modalFrame7",
    "col": 9,
    "height": 1
  },
  "modalTitle23": {
    "rowGroup": "header",
    "subcontainer": "modalNewPosition3",
    "height": 0.6,
    "width": 9
  },
  "modalTitle24": {
    "rowGroup": "header",
    "subcontainer": "modalBusinessPartnerCategory",
    "height": 0.6,
    "width": 9
  },
  "modalTitle25": {
    "rowGroup": "header",
    "subcontainer": "modalEntidadeFC2",
    "height": 0.6,
    "width": 9
  },
  "modalTitle26": {
    "rowGroup": "header",
    "subcontainer": "modalProductServiceCategory",
    "row": 0.2,
    "height": 0.6,
    "width": 9
  },
  "modalTitle27": {
    "rowGroup": "header",
    "subcontainer": "modalBankAccountsFS2",
    "height": 0.6,
    "width": 9
  },
  "modalTitle28": {
    "rowGroup": "header",
    "subcontainer": "modalProductService",
    "height": 0.6,
    "width": 9
  },
  "modalTitle29": {
    "rowGroup": "header",
    "subcontainer": "modalContract",
    "height": 0.6,
    "width": 9
  },
  "modalTitle30": {
    "rowGroup": "header",
    "subcontainer": "modalBusinessPartner",
    "height": 0.6,
    "width": 9
  },
  "modalTitle31": {
    "rowGroup": "header",
    "subcontainer": "modalBusinessPartnerFS2",
    "height": 0.6,
    "width": 9
  },
  "modalTitle32": {
    "rowGroup": "header",
    "subcontainer": "modalAccountFS2",
    "height": 0.6,
    "width": 9
  },
  "modalTitle33": {
    "rowGroup": "header",
    "subcontainer": "modalFrame7",
    "height": 0.6,
    "width": 9
  },
  "nameInput12": {
    "container": "BusinessPartnerCategoryForm",
    "row": 0.2,
    "height": 0.2,
    "width": 12
  },
  "nameInput13": {
    "container": "BusinessPartnerForm",
    "height": 0.2,
    "width": 12
  },
  "nameInput14": {
    "container": "ProductServiceCategoryForm",
    "height": 0.2,
    "width": 12
  },
  "nameInput15": {
    "container": "ProductServiceForm",
    "row": 1,
    "height": 0.2,
    "width": 12
  },
  "numberInput95": {
    "container": "form14",
    "height": 0.2,
    "width": 12
  },
  "numberInput96": {
    "container": "form14",
    "row": 0.2,
    "height": 0.2,
    "width": 12
  },
  "numberInput97": {
    "container": "form14",
    "row": 1,
    "height": 0.2,
    "width": 12
  },
  "numberInput98": {
    "container": "form14",
    "row": 1.2,
    "height": 0.2,
    "width": 12
  },
  "numberInput99": {
    "container": "form14",
    "row": 1.4,
    "height": 0.2,
    "width": 12
  },
  "parentInput": {
    "container": "BusinessPartnerCategoryForm",
    "row": 0,
    "col": 6,
    "height": 0.2,
    "width": 6
  },
  "parentInput2": {
    "container": "ProductServiceCategoryForm",
    "row": 0.4,
    "height": 0.2,
    "width": 12
  },
  "partnerInput": {
    "container": "ContractForm",
    "row": 0.2,
    "height": 0.2,
    "width": 12
  },
  "partnerTypeInput": {
    "container": "BusinessPartnerForm",
    "row": 0.2,
    "height": 0.2,
    "width": 6
  },
  "paymentTermsInput": {
    "container": "BusinessPartnerForm",
    "row": 1.4,
    "height": 0.2,
    "width": 6
  },
  "phoneInput": {
    "container": "BusinessPartnerForm",
    "row": 9.6,
    "col": 6,
    "height": 0.2,
    "width": 6
  },
  "priceInput": {
    "container": "ProductServiceForm",
    "row": 7,
    "height": 0.2,
    "width": 12
  },
  "recurrenceRuleInput": {
    "container": "ContractForm",
    "row": 1.2,
    "height": 0.2,
    "width": 12
  },
  "startDateInput": {
    "container": "ContractForm",
    "row": 0.8,
    "height": 0.2,
    "width": 12
  },
  "stateInput": {
    "container": "BusinessPartnerForm",
    "row": 0.8,
    "col": 6,
    "height": 0.2,
    "width": 6
  },
  "stockQuantityInput": {
    "container": "ProductServiceForm",
    "row": 11,
    "height": 0.2,
    "width": 12
  },
  "table40": {
    "container": "collapsibleContainer10",
    "subcontainer": "fd113",
    "row": 0,
    "height": 6.8,
    "width": 12,
    "stackPosition": {
      "object": {
        "ordinal": 0,
        "widthType": "fixed",
        "width": 0,
        "height": 0
      }
    }
  },
  "table41": {
    "subcontainer": "modalEntidadeFC2",
    "height": 20.4,
    "width": 12
  },
  "tableAccount4": {
    "subcontainer": "modalAccountFS2",
    "height": 23.8,
    "width": 12
  },
  "tableBankAccount9": {
    "subcontainer": "modalBankAccountsFS2",
    "height": 23.8,
    "width": 12
  },
  "tableBusinessPartner": {
    "container": "collapsibleContainer15",
    "subcontainer": "fd113",
    "height": 8.2,
    "width": 12,
    "stackPosition": {
      "object": {
        "ordinal": 0,
        "widthType": "fixed",
        "width": 0,
        "height": 0
      }
    }
  },
  "tableBusinessPartner8": {
    "subcontainer": "modalBusinessPartnerFS2",
    "height": 23.8,
    "width": 12
  },
  "tableContract": {
    "container": "collapsibleContainer13",
    "subcontainer": "fd113",
    "height": 8.4,
    "width": 12,
    "stackPosition": {
      "object": {
        "ordinal": 0,
        "widthType": "fixed",
        "width": 0,
        "height": 0
      }
    }
  },
  "tableCostCenter4": {
    "subcontainer": "modalFrame7",
    "height": 23.8,
    "width": 12
  },
  "tableProductService": {
    "container": "collapsibleContainer12",
    "subcontainer": "fd113",
    "height": 8.2,
    "width": 12,
    "stackPosition": {
      "object": {
        "ordinal": 0,
        "widthType": "fixed",
        "width": 0,
        "height": 0
      }
    }
  },
  "tableProductServiceCategory": {
    "container": "collapsibleContainer11",
    "subcontainer": "fd113",
    "height": 8.2,
    "width": 12,
    "stackPosition": {
      "object": {
        "ordinal": 0,
        "widthType": "fixed",
        "width": 0,
        "height": 0
      }
    }
  },
  "taxCodeInput": {
    "container": "ProductServiceForm",
    "row": 9,
    "height": 0.2,
    "width": 12
  },
  "textInput20": {
    "container": "form14",
    "row": 0.4,
    "height": 0.2,
    "width": 12
  },
  "textInput21": {
    "container": "form14",
    "row": 0.6,
    "height": 0.2,
    "width": 12
  },
  "textInput22": {
    "container": "form14",
    "row": 0.8,
    "height": 0.2,
    "width": 12
  },
  "trackInventoryInput": {
    "container": "ProductServiceForm",
    "row": 10,
    "height": 0.6,
    "width": 12
  },
  "zipcodeInput": {
    "container": "BusinessPartnerForm",
    "row": 1,
    "height": 0.2,
    "width": 6
  }
}
