{
  "container23": {
    "type": "stack",
    "container": "container24",
    "subcontainer": "00030",
    "row": 0,
    "height": 10.6,
    "width": 9,
    "stackPosition": {
      "object": {
        "ordinal": 0,
        "widthType": "fixed",
        "width": 410,
        "height": 450
      }
    }
  },
  "container24": {
    "row": 1.6,
    "col": 3,
    "height": 3.8,
    "width": 6,
    "stackPosition": {
      "object": {
        "ordinal": 0,
        "widthType": "fixed",
        "width": 0,
        "height": 0
      }
    }
  },
  "containerTitle25": {
    "container": "container23",
    "rowGroup": "header",
    "height": 0.6,
    "width": 12
  },
  "containerTitle26": {
    "type": "stack",
    "container": "container24",
    "rowGroup": "header",
    "height": 0.6,
    "width": 12,
    "stackPosition": {
      "object": {
        "ordinal": 0,
        "widthType": "fixed",
        "width": 559,
        "height": 32
      }
    }
  },
  "form17": {
    "type": "stack",
    "container": "container23",
    "subcontainer": "00030",
    "height": 5.6,
    "width": 4,
    "stackPosition": {
      "object": {
        "ordinal": 0,
        "widthType": "fixed",
        "width": 193,
        "height": 224
      }
    }
  },
  "formButton18": {
    "container": "form17",
    "rowGroup": "footer",
    "col": 4,
    "height": 1,
    "width": 4
  },
  "formTitle30": {
    "container": "form17",
    "rowGroup": "header",
    "height": 1.2,
    "width": 12
  },
  "group66": {
    "container": "form17",
    "row": 4.6,
    "height": 3.8,
    "width": 12,
    "stackPosition": {
      "object": {
        "ordinal": 0,
        "widthType": "fixed",
        "width": 0,
        "height": 0
      }
    }
  },
  "image2": {
    "container": "form17",
    "row": 0.2,
    "height": 3.8,
    "width": 12
  },
  "password1": {
    "type": "stack",
    "container": "group66",
    "subcontainer": "00030",
    "row": 2,
    "height": 0.2,
    "width": 12,
    "stackPosition": {
      "object": {
        "ordinal": 1,
        "widthType": "fixed",
        "width": 300,
        "height": 64
      }
    }
  },
  "text46": {
    "container": "form17",
    "row": 4,
    "col": 2,
    "height": 0.6,
    "width": 8
  },
  "usernameInput": {
    "type": "stack",
    "container": "group66",
    "subcontainer": "00030",
    "row": 0,
    "height": 0.2,
    "width": 12,
    "stackPosition": {
      "object": {
        "ordinal": 0,
        "widthType": "fixed",
        "width": 300,
        "height": 64
      }
    }
  }
}
