{
  "barChart4": {
    "container": "container38",
    "subcontainer": "00030",
    "row": 1.2,
    "height": 7.6,
    "width": 12,
    "stackPosition": {
      "object": {
        "ordinal": 0,
        "widthType": "fixed",
        "width": 0,
        "height": 0
      }
    }
  },
  "container38": {
    "row": 1.4,
    "height": 3.8,
    "width": 6,
    "stackPosition": {
      "object": {
        "ordinal": 0,
        "widthType": "fixed",
        "width": 0,
        "height": 0
      }
    }
  },
  "containerTitle39": {
    "container": "container38",
    "rowGroup": "header",
    "height": 0.6,
    "width": 12
  },
  "html4": {
    "row": 1.2,
    "height": 0.2,
    "width": 12
  },
  "plotlyJsonChart1": {
    "row": 5.8,
    "height": 7.6,
    "width": 6
  },
  "text62": {
    "height": 0.6,
    "width": 12
  },
  "text63": {
    "row": 0.6,
    "height": 0.6,
    "width": 12
  },
  "text64": {
    "container": "container38",
    "subcontainer": "00030",
    "height": 0.6,
    "width": 12,
    "stackPosition": {
      "object": {
        "ordinal": 1,
        "widthType": "fixed",
        "width": 0,
        "height": 0
      }
    }
  },
  "text65": {
    "container": "container38",
    "subcontainer": "00030",
    "row": 0.6,
    "height": 0.6,
    "width": 12
  },
  "text66": {
    "row": 5.2,
    "height": 0.6
  }
}
